,N,NMiss,Missing %,Mean,Median,Variance,STD,CV,Min,P1,P5,P10,P25,P50,P75,P90,P95,P99,MAX
Purchase,550068.0,233599.0,0.298084518041464,9263.968712959126,8047.0,25231185.950598367,5023.065393820627,0.5422152804546922,12.0,587.0,1984.0,3540.0,5823.0,8047.0,12054.0,16317.0,19336.0,20665.0,23961.0
User_ID,783667.0,0.0,0.0,1003028.9957532983,1003075.0,2983450.141438346,1727.2666677263085,0.00172205058382095,1000001.0,1000068.0,1000328.0,1000670.0,1001519.0,1003075.0,1004478.0,1005446.0,1005747.0,1005980.0,1006040.0
